image_id,x,y,ssd
0,39,132,0
1,67,208,0
2,165,215,5886668
3,203,168,6085806
4,16,67,5518843
5,34,215,0
6,194,155,5402951
7,23,15,6172354
8,62,109,0
9,114,218,5761931
10,121,53,7311503
11,42,222,5770741
12,6,163,5446622
13,214,74,0
14,216,94,5508584
15,6,203,5393934
16,81,185,0
17,213,5,5521234
18,67,124,0
19,149,151,0
20,54,148,0
21,162,158,5588576
22,131,117,5576390
23,138,206,0
24,53,8,0
25,57,175,5850721
26,200,145,5387870
27,224,192,8276134
28,83,57,5494785
29,133,154,5573195
30,143,72,5519014
31,139,115,0
32,223,210,0
33,119,10,0
34,56,114,5747328
35,192,203,5460849
36,15,79,5503526
37,36,154,6623242
38,10,29,5655444
39,144,166,5436831
40,169,178,5764735
41,197,31,5495380
42,29,188,5792466
43,17,212,5538174
44,160,117,5447605
45,165,168,0
46,1,210,0
47,7,27,0
48,5,183,5455947
49,168,40,0
50,182,14,5530063
51,7,210,5540156
52,63,69,0
53,224,78,6543487
54,39,217,5409624
55,224,194,5505655
56,210,3,0
57,62,29,0
58,58,30,5415273
59,66,113,0
60,11,199,5546617
61,188,152,5394024
62,194,180,0
63,19,164,5585464
64,141,192,5728590
65,97,27,0
66,44,148,5539145
67,149,223,5405719
68,215,217,5828334
69,107,215,5676845
70,48,222,5449597
71,61,221,5502028
72,216,208,0
73,134,124,0
74,21,184,5663303
75,162,31,0
76,17,159,5398981
77,0,75,5431418
78,81,219,5439578
79,224,195,6052416
80,113,79,7154295
81,224,224,5750463
82,11,213,5418632
83,149,24,0
84,68,213,5374204
85,222,11,5488946
86,75,119,0
87,44,105,5645353
88,101,71,5719655
89,76,129,5646647
90,66,157,5787400
91,14,54,6158913
92,120,37,7425231
93,224,123,6118435
94,70,63,6187717
95,147,63,5420166
96,60,53,0
97,201,197,5506989
98,4,221,5594515
99,198,14,0
